 Giorno,Giorno,0-1,1-2,2-3,3-4,4-5,5-6,6-7,7-8,8-9,9-10,10-11,11-12,12-13,13-14,14-15,15-16,16-17,17-18,18-19,19-20,20-21,21-22,22-23,23-24,24-25 
 Venerdì,01/01/2016,950,950,950,950,950,950,950,950,950,950,950,950,950,950,950,950,950,950,950,950,950,950,950,950,
 Sabato,02/01/2016,950,950,950,950,950,950,950,950,950,950,950,950,950,950,950,950,950,950,950,950,950,950,950,950,
 Domenica,03/01/2016,950,950,950,950,950,950,950,950,950,950,950,950,950,950,950,950,950,950,950,950,950,950,950,950,
 Lunedì,04/01/2016,950,950,950,950,950,950,950,950,950,950,950,950,950,950,950,950,950,950,950,950,950,950,950,950,
 Martedì,05/01/2016,950,950,950,950,950,950,950,950,950,950,950,950,950,950,950,950,950,950,950,950,950,950,950,950,
 Mercoledì,06/01/2016,1000,1000,1000,1000,1000,1000,1000,1000,1000,1000,1000,1000,1000,1000,1000,1000,1000,1000,1000,1000,1000,1000,1000,1000,
 Giovedì,07/01/2016,1000,1000,1000,1000,1000,1000,1000,1000,1000,1000,1000,1000,1000,1000,1000,1000,1000,1000,1000,1000,1000,1000,1000,1000,
 Venerdì,08/01/2016,1000,1000,1000,1000,1000,1000,1000,1000,1000,1000,1000,1000,1000,1000,1000,1000,1000,1000,1000,1000,1000,1000,1000,1000,
 Sabato,09/01/2016,900,900,900,900,900,900,900,900,900,900,900,900,900,900,900,900,900,900,900,900,900,900,900,900,
 Domenica,10/01/2016,850,850,850,850,850,850,850,850,850,850,850,850,850,850,850,850,850,850,850,850,850,850,850,850,
 Lunedì,11/01/2016,850,850,850,850,850,850,850,850,850,850,850,850,850,850,850,850,850,850,850,850,850,850,850,850,
 Martedì,12/01/2016,850,850,850,850,850,850,850,850,850,850,850,850,850,850,850,850,850,850,850,850,850,850,850,850,
 Mercoledì,13/01/2016,850,850,850,850,850,850,850,850,850,850,850,850,850,850,850,850,850,850,850,850,850,850,850,850,
 Giovedì,14/01/2016,850,850,850,850,850,850,850,850,850,850,850,850,850,850,850,850,850,850,850,850,850,850,850,850,
 Venerdì,15/01/2016,850,850,850,850,850,850,850,850,850,850,850,850,850,850,850,850,850,850,850,850,850,850,850,850,
 Sabato,16/01/2016,850,850,850,850,850,850,850,850,850,850,850,850,850,850,850,850,850,850,850,850,850,850,850,850,
 Domenica,17/01/2016,-   ,-   ,-   ,-   ,-   ,-   ,-   ,-   ,-   ,-   ,-   ,-   ,-   ,-   ,-   ,-   ,-   ,-   ,-   ,-   ,-   ,-   ,-   ,-   ,
 Lunedì,18/01/2016,-   ,-   ,-   ,-   ,-   ,-   ,-   ,-   ,-   ,-   ,-   ,-   ,-   ,-   ,-   ,-   ,-   ,-   ,-   ,-   ,-   ,-   ,-   ,-   ,
 Martedì,19/01/2016,-   ,-   ,-   ,-   ,-   ,-   ,-   ,-   ,-   ,-   ,-   ,-   ,-   ,-   ,-   ,-   ,-   ,-   ,-   ,-   ,-   ,-   ,-   ,-   ,
 Mercoledì,20/01/2016,-   ,-   ,-   ,-   ,-   ,-   ,-   ,-   ,-   ,-   ,-   ,-   ,-   ,-   ,-   ,-   ,-   ,-   ,-   ,-   ,-   ,-   ,-   ,-   ,
 Giovedì,21/01/2016,-   ,-   ,-   ,-   ,-   ,-   ,-   ,-   ,-   ,-   ,-   ,-   ,-   ,-   ,-   ,-   ,-   ,-   ,-   ,-   ,-   ,-   ,-   ,-   ,
 Venerdì,22/01/2016,-   ,-   ,-   ,-   ,-   ,-   ,-   ,-   ,-   ,-   ,-   ,-   ,-   ,-   ,-   ,-   ,-   ,-   ,-   ,-   ,-   ,-   ,-   ,-   ,
 Sabato,23/01/2016,-   ,-   ,-   ,-   ,-   ,-   ,-   ,-   ,-   ,-   ,-   ,-   ,-   ,-   ,-   ,-   ,-   ,-   ,-   ,-   ,-   ,-   ,-   ,-   ,
 Domenica,24/01/2016,-   ,-   ,-   ,-   ,-   ,-   ,-   ,-   ,-   ,-   ,-   ,-   ,-   ,-   ,-   ,-   ,-   ,-   ,-   ,-   ,-   ,-   ,-   ,-   ,
 Lunedì,25/01/2016,-   ,-   ,-   ,-   ,-   ,-   ,-   ,-   ,-   ,-   ,-   ,-   ,-   ,-   ,-   ,-   ,-   ,-   ,-   ,-   ,-   ,-   ,-   ,-   ,
 Martedì,26/01/2016,-   ,-   ,-   ,-   ,-   ,-   ,-   ,-   ,-   ,-   ,-   ,-   ,-   ,-   ,-   ,-   ,-   ,-   ,-   ,-   ,-   ,-   ,-   ,-   ,
 Mercoledì,27/01/2016,-   ,-   ,-   ,-   ,-   ,-   ,-   ,-   ,-   ,-   ,-   ,-   ,-   ,-   ,-   ,-   ,-   ,-   ,-   ,-   ,-   ,-   ,-   ,-   ,
 Giovedì,28/01/2016,-   ,-   ,-   ,-   ,-   ,-   ,-   ,-   ,-   ,-   ,-   ,-   ,-   ,-   ,-   ,-   ,-   ,-   ,-   ,-   ,-   ,-   ,-   ,-   ,
 Venerdì,29/01/2016,-   ,-   ,-   ,-   ,-   ,-   ,-   ,-   ,-   ,-   ,-   ,-   ,-   ,-   ,-   ,-   ,-   ,-   ,-   ,-   ,-   ,-   ,-   ,-   ,
 Sabato,30/01/2016,-   ,-   ,-   ,-   ,-   ,-   ,-   ,-   ,-   ,-   ,-   ,-   ,-   ,-   ,-   ,-   ,-   ,-   ,-   ,-   ,-   ,-   ,-   ,-   ,
 Domenica,31/01/2016,-   ,-   ,-   ,-   ,-   ,-   ,-   ,-   ,-   ,-   ,-   ,-   ,-   ,-   ,-   ,-   ,-   ,-   ,-   ,-   ,-   ,-   ,-   ,-   ,
 Lunedì,01/02/2016,-   ,-   ,-   ,-   ,-   ,-   ,-   ,-   ,-   ,-   ,-   ,-   ,-   ,-   ,-   ,-   ,-   ,-   ,-   ,-   ,-   ,-   ,-   ,-   ,
 Martedì,02/02/2016,-   ,-   ,-   ,-   ,-   ,-   ,-   ,-   ,-   ,-   ,-   ,-   ,-   ,-   ,-   ,-   ,-   ,-   ,-   ,-   ,-   ,-   ,-   ,-   ,
 Mercoledì,03/02/2016,-   ,-   ,-   ,-   ,-   ,-   ,-   ,-   ,-   ,-   ,-   ,-   ,-   ,-   ,-   ,-   ,-   ,-   ,-   ,-   ,-   ,-   ,-   ,-   ,
 Giovedì,04/02/2016,-   ,-   ,-   ,-   ,-   ,-   ,-   ,-   ,-   ,-   ,-   ,-   ,-   ,-   ,-   ,-   ,-   ,-   ,-   ,-   ,-   ,-   ,-   ,-   ,
 Venerdì,05/02/2016,-   ,-   ,-   ,-   ,-   ,-   ,-   ,-   ,-   ,-   ,-   ,-   ,-   ,-   ,-   ,-   ,-   ,-   ,-   ,-   ,-   ,-   ,-   ,-   ,
 Sabato,06/02/2016,-   ,-   ,-   ,-   ,-   ,-   ,-   ,-   ,-   ,-   ,-   ,-   ,-   ,-   ,-   ,-   ,-   ,-   ,-   ,-   ,-   ,-   ,-   ,-   ,
 Domenica,07/02/2016,-   ,-   ,-   ,-   ,-   ,-   ,-   ,-   ,-   ,-   ,-   ,-   ,-   ,-   ,-   ,-   ,-   ,-   ,-   ,-   ,-   ,-   ,-   ,-   ,
 Lunedì,08/02/2016,-   ,-   ,-   ,-   ,-   ,-   ,-   ,-   ,-   ,-   ,-   ,-   ,-   ,-   ,-   ,-   ,-   ,-   ,-   ,-   ,-   ,-   ,-   ,-   ,
 Martedì,09/02/2016,-   ,-   ,-   ,-   ,-   ,-   ,-   ,-   ,-   ,-   ,-   ,-   ,-   ,-   ,-   ,-   ,-   ,-   ,-   ,-   ,-   ,-   ,-   ,-   ,
 Mercoledì,10/02/2016,-   ,-   ,-   ,-   ,-   ,-   ,-   ,-   ,-   ,-   ,-   ,-   ,-   ,-   ,-   ,-   ,-   ,-   ,-   ,-   ,-   ,-   ,-   ,-   ,
 Giovedì,11/02/2016,-   ,-   ,-   ,-   ,-   ,-   ,-   ,-   ,-   ,-   ,-   ,-   ,-   ,-   ,-   ,-   ,-   ,-   ,-   ,-   ,-   ,-   ,-   ,-   ,
 Venerdì,12/02/2016,-   ,-   ,-   ,-   ,-   ,-   ,-   ,-   ,-   ,-   ,-   ,-   ,-   ,-   ,-   ,-   ,-   ,-   ,-   ,-   ,-   ,-   ,-   ,-   ,
 Sabato,13/02/2016,-   ,-   ,-   ,-   ,-   ,-   ,-   ,-   ,-   ,-   ,-   ,-   ,-   ,-   ,-   ,-   ,-   ,-   ,-   ,-   ,-   ,-   ,-   ,-   ,
 Domenica,14/02/2016,-   ,-   ,-   ,-   ,-   ,-   ,-   ,-   ,-   ,-   ,-   ,-   ,-   ,-   ,-   ,-   ,-   ,-   ,-   ,-   ,-   ,-   ,-   ,-   ,
 Lunedì,15/02/2016,-   ,-   ,-   ,-   ,-   ,-   ,-   ,-   ,-   ,-   ,-   ,-   ,-   ,-   ,-   ,-   ,-   ,-   ,-   ,-   ,-   ,-   ,-   ,-   ,
 Martedì,16/02/2016,-   ,-   ,-   ,-   ,-   ,-   ,-   ,-   ,-   ,-   ,-   ,-   ,-   ,-   ,-   ,-   ,-   ,-   ,-   ,-   ,-   ,-   ,-   ,-   ,
 Mercoledì,17/02/2016,-   ,-   ,-   ,-   ,-   ,-   ,-   ,-   ,-   ,-   ,-   ,-   ,-   ,-   ,-   ,-   ,-   ,-   ,-   ,-   ,-   ,-   ,-   ,-   ,
 Giovedì,18/02/2016,-   ,-   ,-   ,-   ,-   ,-   ,-   ,-   ,-   ,-   ,-   ,-   ,-   ,-   ,-   ,-   ,-   ,-   ,-   ,-   ,-   ,-   ,-   ,-   ,
 Venerdì,19/02/2016,-   ,-   ,-   ,-   ,-   ,-   ,-   ,-   ,-   ,-   ,-   ,-   ,-   ,-   ,-   ,-   ,-   ,-   ,-   ,-   ,-   ,-   ,-   ,-   ,
 Sabato,20/02/2016,-   ,-   ,-   ,-   ,-   ,-   ,-   ,-   ,-   ,-   ,-   ,-   ,-   ,-   ,-   ,-   ,-   ,-   ,-   ,-   ,-   ,-   ,-   ,-   ,
 Domenica,21/02/2016,-   ,-   ,-   ,-   ,-   ,-   ,-   ,-   ,-   ,-   ,-   ,-   ,-   ,-   ,-   ,-   ,-   ,-   ,-   ,-   ,-   ,-   ,-   ,-   ,
 Lunedì,22/02/2016,-   ,-   ,-   ,-   ,-   ,-   ,-   ,-   ,-   ,-   ,-   ,-   ,-   ,-   ,-   ,-   ,-   ,-   ,-   ,-   ,-   ,-   ,-   ,-   ,
 Martedì,23/02/2016,-   ,-   ,-   ,-   ,-   ,-   ,-   ,-   ,-   ,-   ,-   ,-   ,-   ,-   ,-   ,-   ,-   ,-   ,-   ,-   ,-   ,-   ,-   ,-   ,
 Mercoledì,24/02/2016,-   ,-   ,-   ,-   ,-   ,-   ,-   ,-   ,-   ,-   ,-   ,-   ,-   ,-   ,-   ,-   ,-   ,-   ,-   ,-   ,-   ,-   ,-   ,-   ,
 Giovedì,25/02/2016,-   ,-   ,-   ,-   ,-   ,-   ,-   ,-   ,-   ,-   ,-   ,-   ,-   ,-   ,-   ,-   ,-   ,-   ,-   ,-   ,-   ,-   ,-   ,-   ,
 Venerdì,26/02/2016,-   ,-   ,-   ,-   ,-   ,-   ,-   ,-   ,-   ,-   ,-   ,-   ,-   ,-   ,-   ,-   ,-   ,-   ,-   ,-   ,-   ,-   ,-   ,-   ,
 Sabato,27/02/2016,-   ,-   ,-   ,-   ,-   ,-   ,-   ,-   ,-   ,-   ,-   ,-   ,-   ,-   ,-   ,-   ,-   ,-   ,-   ,-   ,-   ,-   ,-   ,-   ,
 Domenica,28/02/2016,-   ,-   ,-   ,-   ,-   ,-   ,-   ,-   ,-   ,-   ,-   ,-   ,-   ,-   ,-   ,-   ,-   ,-   ,-   ,-   ,-   ,-   ,-   ,-   ,
 Lunedì,29/02/2016,-   ,-   ,-   ,-   ,-   ,-   ,-   ,-   ,-   ,-   ,-   ,-   ,-   ,-   ,-   ,-   ,-   ,-   ,-   ,-   ,-   ,-   ,-   ,-   ,
 Martedì,01/03/2016,-   ,-   ,-   ,-   ,-   ,-   ,-   ,-   ,-   ,-   ,-   ,-   ,-   ,-   ,-   ,-   ,-   ,-   ,-   ,-   ,-   ,-   ,-   ,-   ,
 Mercoledì,02/03/2016,-   ,-   ,-   ,-   ,-   ,-   ,-   ,-   ,-   ,-   ,-   ,-   ,-   ,-   ,-   ,-   ,-   ,-   ,-   ,-   ,-   ,-   ,-   ,-   ,
 Giovedì,03/03/2016,-   ,-   ,-   ,-   ,-   ,-   ,-   ,-   ,-   ,-   ,-   ,-   ,-   ,-   ,-   ,-   ,-   ,-   ,-   ,-   ,-   ,-   ,-   ,-   ,
 Venerdì,04/03/2016,-   ,-   ,-   ,-   ,-   ,-   ,-   ,-   ,-   ,-   ,-   ,-   ,-   ,-   ,-   ,-   ,-   ,-   ,-   ,-   ,-   ,-   ,-   ,-   ,
 Sabato,05/03/2016,-   ,-   ,-   ,-   ,-   ,-   ,-   ,-   ,-   ,-   ,-   ,-   ,-   ,-   ,-   ,-   ,-   ,-   ,-   ,-   ,-   ,-   ,-   ,-   ,
 Domenica,06/03/2016,-   ,-   ,-   ,-   ,-   ,-   ,-   ,-   ,-   ,-   ,-   ,-   ,-   ,-   ,-   ,-   ,-   ,-   ,-   ,-   ,-   ,-   ,-   ,-   ,
 Lunedì,07/03/2016,-   ,-   ,-   ,-   ,-   ,-   ,-   ,-   ,-   ,-   ,-   ,-   ,-   ,-   ,-   ,-   ,-   ,-   ,-   ,-   ,-   ,-   ,-   ,-   ,
 Martedì,08/03/2016,-   ,-   ,-   ,-   ,-   ,-   ,-   ,-   ,-   ,-   ,-   ,-   ,-   ,-   ,-   ,-   ,-   ,-   ,-   ,-   ,-   ,-   ,-   ,-   ,
 Mercoledì,09/03/2016,-   ,-   ,-   ,-   ,-   ,-   ,-   ,-   ,-   ,-   ,-   ,-   ,-   ,-   ,-   ,-   ,-   ,-   ,-   ,-   ,-   ,-   ,-   ,-   ,
 Giovedì,10/03/2016,-   ,-   ,-   ,-   ,-   ,-   ,-   ,-   ,-   ,-   ,-   ,-   ,-   ,-   ,-   ,-   ,-   ,-   ,-   ,-   ,-   ,-   ,-   ,-   ,
 Venerdì,11/03/2016,-   ,-   ,-   ,-   ,-   ,-   ,-   ,-   ,-   ,-   ,-   ,-   ,-   ,-   ,-   ,-   ,-   ,-   ,-   ,-   ,-   ,-   ,-   ,-   ,
 Sabato,12/03/2016,-   ,-   ,-   ,-   ,-   ,-   ,-   ,-   ,-   ,-   ,-   ,-   ,-   ,-   ,-   ,-   ,-   ,-   ,-   ,-   ,-   ,-   ,-   ,-   ,
 Domenica,13/03/2016,-   ,-   ,-   ,-   ,-   ,-   ,-   ,-   ,-   ,-   ,-   ,-   ,-   ,-   ,-   ,-   ,-   ,-   ,-   ,-   ,-   ,-   ,-   ,-   ,
 Lunedì,14/03/2016,-   ,-   ,-   ,-   ,-   ,-   ,-   ,-   ,-   ,-   ,-   ,-   ,-   ,-   ,-   ,-   ,-   ,-   ,-   ,-   ,-   ,-   ,-   ,-   ,
 Martedì,15/03/2016,-   ,-   ,-   ,-   ,-   ,-   ,-   ,-   ,-   ,-   ,-   ,-   ,-   ,-   ,-   ,-   ,-   ,-   ,-   ,-   ,-   ,-   ,-   ,-   ,
 Mercoledì,16/03/2016,-   ,-   ,-   ,-   ,-   ,-   ,-   ,-   ,-   ,-   ,-   ,-   ,-   ,-   ,-   ,-   ,-   ,-   ,-   ,-   ,-   ,-   ,-   ,-   ,
 Giovedì,17/03/2016,-   ,-   ,-   ,-   ,-   ,-   ,-   ,-   ,-   ,-   ,-   ,-   ,-   ,-   ,-   ,-   ,-   ,-   ,-   ,-   ,-   ,-   ,-   ,-   ,
 Venerdì,18/03/2016,-   ,-   ,-   ,-   ,-   ,-   ,-   ,-   ,-   ,-   ,-   ,-   ,-   ,-   ,-   ,-   ,-   ,-   ,-   ,-   ,-   ,-   ,-   ,-   ,
 Sabato,19/03/2016,-   ,-   ,-   ,-   ,-   ,-   ,-   ,-   ,-   ,-   ,-   ,-   ,-   ,-   ,-   ,-   ,-   ,-   ,-   ,-   ,-   ,-   ,-   ,-   ,
 Domenica,20/03/2016,-   ,-   ,-   ,-   ,-   ,-   ,-   ,-   ,-   ,-   ,-   ,-   ,-   ,-   ,-   ,-   ,-   ,-   ,-   ,-   ,-   ,-   ,-   ,-   ,
 Lunedì,21/03/2016,-   ,-   ,-   ,-   ,-   ,-   ,-   ,-   ,-   ,-   ,-   ,-   ,-   ,-   ,-   ,-   ,-   ,-   ,-   ,-   ,-   ,-   ,-   ,-   ,
 Martedì,22/03/2016,-   ,-   ,-   ,-   ,-   ,-   ,-   ,-   ,-   ,-   ,-   ,-   ,-   ,-   ,-   ,-   ,-   ,-   ,-   ,-   ,-   ,-   ,-   ,-   ,
 Mercoledì,23/03/2016,-   ,-   ,-   ,-   ,-   ,-   ,-   ,-   ,-   ,-   ,-   ,-   ,-   ,-   ,-   ,-   ,-   ,-   ,-   ,-   ,-   ,-   ,-   ,-   ,
 Giovedì,24/03/2016,-   ,-   ,-   ,-   ,-   ,-   ,-   ,-   ,-   ,-   ,-   ,-   ,-   ,-   ,-   ,-   ,-   ,-   ,-   ,-   ,-   ,-   ,-   ,-   ,
 Venerdì,25/03/2016,-   ,-   ,-   ,-   ,-   ,-   ,-   ,-   ,-   ,-   ,-   ,-   ,-   ,-   ,-   ,-   ,-   ,-   ,-   ,-   ,-   ,-   ,-   ,-   ,
 Sabato,26/03/2016,-   ,-   ,-   ,-   ,-   ,-   ,-   ,-   ,-   ,-   ,-   ,-   ,-   ,-   ,-   ,-   ,-   ,-   ,-   ,-   ,-   ,-   ,-   ,-   ,
 Domenica,27/03/2016,-   ,-   ,-   ,-   ,-   ,-   ,-   ,-   ,-   ,-   ,-   ,-   ,-   ,-   ,-   ,-   ,-   ,-   ,-   ,-   ,-   ,-   ,-   ,-   ,
 Lunedì,28/03/2016,-   ,-   ,-   ,-   ,-   ,-   ,-   ,-   ,-   ,-   ,-   ,-   ,-   ,-   ,-   ,-   ,-   ,-   ,-   ,-   ,-   ,-   ,-   ,-   ,
 Martedì,29/03/2016,-   ,-   ,-   ,-   ,-   ,-   ,-   ,-   ,-   ,-   ,-   ,-   ,-   ,-   ,-   ,-   ,-   ,-   ,-   ,-   ,-   ,-   ,-   ,-   ,
 Mercoledì,30/03/2016,-   ,-   ,-   ,-   ,-   ,-   ,-   ,-   ,-   ,-   ,-   ,-   ,-   ,-   ,-   ,-   ,-   ,-   ,-   ,-   ,-   ,-   ,-   ,-   ,
 Giovedì,31/03/2016,-   ,-   ,-   ,-   ,-   ,-   ,-   ,-   ,-   ,-   ,-   ,-   ,-   ,-   ,-   ,-   ,-   ,-   ,-   ,-   ,-   ,-   ,-   ,-   ,
 Venerdì,01/04/2016,-   ,-   ,-   ,-   ,-   ,-   ,-   ,-   ,-   ,-   ,-   ,-   ,-   ,-   ,-   ,-   ,-   ,-   ,-   ,-   ,-   ,-   ,-   ,-   ,
 Sabato,02/04/2016,-   ,-   ,-   ,-   ,-   ,-   ,-   ,-   ,-   ,-   ,-   ,-   ,-   ,-   ,-   ,-   ,-   ,-   ,-   ,-   ,-   ,-   ,-   ,-   ,
 Domenica,03/04/2016,-   ,-   ,-   ,-   ,-   ,-   ,-   ,-   ,-   ,-   ,-   ,-   ,-   ,-   ,-   ,-   ,-   ,-   ,-   ,-   ,-   ,-   ,-   ,-   ,
 Lunedì,04/04/2016,-   ,-   ,-   ,-   ,-   ,-   ,-   ,-   ,-   ,-   ,-   ,-   ,-   ,-   ,-   ,-   ,-   ,-   ,-   ,-   ,-   ,-   ,-   ,-   ,
 Martedì,05/04/2016,-   ,-   ,-   ,-   ,-   ,-   ,-   ,-   ,-   ,-   ,-   ,-   ,-   ,-   ,-   ,-   ,-   ,-   ,-   ,-   ,-   ,-   ,-   ,-   ,
 Mercoledì,06/04/2016,-   ,-   ,-   ,-   ,-   ,-   ,-   ,-   ,-   ,-   ,-   ,-   ,-   ,-   ,-   ,-   ,-   ,-   ,-   ,-   ,-   ,-   ,-   ,-   ,
 Giovedì,07/04/2016,-   ,-   ,-   ,-   ,-   ,-   ,-   ,-   ,-   ,-   ,-   ,-   ,-   ,-   ,-   ,-   ,-   ,-   ,-   ,-   ,-   ,-   ,-   ,-   ,
 Venerdì,08/04/2016,-   ,-   ,-   ,-   ,-   ,-   ,-   ,-   ,-   ,-   ,-   ,-   ,-   ,-   ,-   ,-   ,-   ,-   ,-   ,-   ,-   ,-   ,-   ,-   ,
 Sabato,09/04/2016,-   ,-   ,-   ,-   ,-   ,-   ,-   ,-   ,-   ,-   ,-   ,-   ,-   ,-   ,-   ,-   ,-   ,-   ,-   ,-   ,-   ,-   ,-   ,-   ,
 Domenica,10/04/2016,-   ,-   ,-   ,-   ,-   ,-   ,-   ,-   ,-   ,-   ,-   ,-   ,-   ,-   ,-   ,-   ,-   ,-   ,-   ,-   ,-   ,-   ,-   ,-   ,
 Lunedì,11/04/2016,-   ,-   ,-   ,-   ,-   ,-   ,-   ,-   ,-   ,-   ,-   ,-   ,-   ,-   ,-   ,-   ,-   ,-   ,-   ,-   ,-   ,-   ,-   ,-   ,
 Martedì,12/04/2016,-   ,-   ,-   ,-   ,-   ,-   ,-   ,-   ,-   ,-   ,-   ,-   ,-   ,-   ,-   ,-   ,-   ,-   ,-   ,-   ,-   ,-   ,-   ,-   ,
 Mercoledì,13/04/2016,-   ,-   ,-   ,-   ,-   ,-   ,-   ,-   ,-   ,-   ,-   ,-   ,-   ,-   ,-   ,-   ,-   ,-   ,-   ,-   ,-   ,-   ,-   ,-   ,
 Giovedì,14/04/2016,-   ,-   ,-   ,-   ,-   ,-   ,-   ,-   ,-   ,-   ,-   ,-   ,-   ,-   ,-   ,-   ,-   ,-   ,-   ,-   ,-   ,-   ,-   ,-   ,
 Venerdì,15/04/2016,-   ,-   ,-   ,-   ,-   ,-   ,-   ,-   ,-   ,-   ,-   ,-   ,-   ,-   ,-   ,-   ,-   ,-   ,-   ,-   ,-   ,-   ,-   ,-   ,
 Sabato,16/04/2016,-   ,-   ,-   ,-   ,-   ,-   ,-   ,-   ,-   ,-   ,-   ,-   ,-   ,-   ,-   ,-   ,-   ,-   ,-   ,-   ,-   ,-   ,-   ,-   ,
 Domenica,17/04/2016,-   ,-   ,-   ,-   ,-   ,-   ,-   ,-   ,-   ,-   ,-   ,-   ,-   ,-   ,-   ,-   ,-   ,-   ,-   ,-   ,-   ,-   ,-   ,-   ,
 Lunedì,18/04/2016,-   ,-   ,-   ,-   ,-   ,-   ,-   ,-   ,-   ,-   ,-   ,-   ,-   ,-   ,-   ,-   ,-   ,-   ,-   ,-   ,-   ,-   ,-   ,-   ,
 Martedì,19/04/2016,-   ,-   ,-   ,-   ,-   ,-   ,-   ,-   ,-   ,-   ,-   ,-   ,-   ,-   ,-   ,-   ,-   ,-   ,-   ,-   ,-   ,-   ,-   ,-   ,
 Mercoledì,20/04/2016,-   ,-   ,-   ,-   ,-   ,-   ,-   ,-   ,-   ,-   ,-   ,-   ,-   ,-   ,-   ,-   ,-   ,-   ,-   ,-   ,-   ,-   ,-   ,-   ,
 Giovedì,21/04/2016,-   ,-   ,-   ,-   ,-   ,-   ,-   ,-   ,-   ,-   ,-   ,-   ,-   ,-   ,-   ,-   ,-   ,-   ,-   ,-   ,-   ,-   ,-   ,-   ,
 Venerdì,22/04/2016,-   ,-   ,-   ,-   ,-   ,-   ,-   ,-   ,-   ,-   ,-   ,-   ,-   ,-   ,-   ,-   ,-   ,-   ,-   ,-   ,-   ,-   ,-   ,-   ,
 Sabato,23/04/2016,-   ,-   ,-   ,-   ,-   ,-   ,-   ,-   ,-   ,-   ,-   ,-   ,-   ,-   ,-   ,-   ,-   ,-   ,-   ,-   ,-   ,-   ,-   ,-   ,
 Domenica,24/04/2016,-   ,-   ,-   ,-   ,-   ,-   ,-   ,-   ,-   ,-   ,-   ,-   ,-   ,-   ,-   ,-   ,-   ,-   ,-   ,-   ,-   ,-   ,-   ,-   ,
 Lunedì,25/04/2016,-   ,-   ,-   ,-   ,-   ,-   ,-   ,-   ,-   ,-   ,-   ,-   ,-   ,-   ,-   ,-   ,-   ,-   ,-   ,-   ,-   ,-   ,-   ,-   ,
 Martedì,26/04/2016,-   ,-   ,-   ,-   ,-   ,-   ,-   ,-   ,-   ,-   ,-   ,-   ,-   ,-   ,-   ,-   ,-   ,-   ,-   ,-   ,-   ,-   ,-   ,-   ,
 Mercoledì,27/04/2016,-   ,-   ,-   ,-   ,-   ,-   ,-   ,-   ,-   ,-   ,-   ,-   ,-   ,-   ,-   ,-   ,-   ,-   ,-   ,-   ,-   ,-   ,-   ,-   ,
 Giovedì,28/04/2016,-   ,-   ,-   ,-   ,-   ,-   ,-   ,-   ,-   ,-   ,-   ,-   ,-   ,-   ,-   ,-   ,-   ,-   ,-   ,-   ,-   ,-   ,-   ,-   ,
 Venerdì,29/04/2016,-   ,-   ,-   ,-   ,-   ,-   ,-   ,-   ,-   ,-   ,-   ,-   ,-   ,-   ,-   ,-   ,-   ,-   ,-   ,-   ,-   ,-   ,-   ,-   ,
 Sabato,30/04/2016,-   ,-   ,-   ,-   ,-   ,-   ,-   ,-   ,-   ,-   ,-   ,-   ,-   ,-   ,-   ,-   ,-   ,-   ,-   ,-   ,-   ,-   ,-   ,-   ,
 Domenica,01/05/2016,-   ,-   ,-   ,-   ,-   ,-   ,-   ,-   ,-   ,-   ,-   ,-   ,-   ,-   ,-   ,-   ,-   ,-   ,-   ,-   ,-   ,-   ,-   ,-   ,
 Lunedì,02/05/2016,-   ,-   ,-   ,-   ,-   ,-   ,-   ,-   ,-   ,-   ,-   ,-   ,-   ,-   ,-   ,-   ,-   ,-   ,-   ,-   ,-   ,-   ,-   ,-   ,
 Martedì,03/05/2016,-   ,-   ,-   ,-   ,-   ,-   ,-   ,-   ,-   ,-   ,-   ,-   ,-   ,-   ,-   ,-   ,-   ,-   ,-   ,-   ,-   ,-   ,-   ,-   ,
 Mercoledì,04/05/2016,-   ,-   ,-   ,-   ,-   ,-   ,-   ,-   ,-   ,-   ,-   ,-   ,-   ,-   ,-   ,-   ,-   ,-   ,-   ,-   ,-   ,-   ,-   ,-   ,
 Giovedì,05/05/2016,-   ,-   ,-   ,-   ,-   ,-   ,-   ,-   ,-   ,-   ,-   ,-   ,-   ,-   ,-   ,-   ,-   ,-   ,-   ,-   ,-   ,-   ,-   ,-   ,
 Venerdì,06/05/2016,-   ,-   ,-   ,-   ,-   ,-   ,-   ,-   ,-   ,-   ,-   ,-   ,-   ,-   ,-   ,-   ,-   ,-   ,-   ,-   ,-   ,-   ,-   ,-   ,
 Sabato,07/05/2016,-   ,-   ,-   ,-   ,-   ,-   ,-   ,-   ,-   ,-   ,-   ,-   ,-   ,-   ,-   ,-   ,-   ,-   ,-   ,-   ,-   ,-   ,-   ,-   ,
 Domenica,08/05/2016,-   ,-   ,-   ,-   ,-   ,-   ,-   ,-   ,-   ,-   ,-   ,-   ,-   ,-   ,-   ,-   ,-   ,-   ,-   ,-   ,-   ,-   ,-   ,-   ,
 Lunedì,09/05/2016,-   ,-   ,-   ,-   ,-   ,-   ,-   ,-   ,-   ,-   ,-   ,-   ,-   ,-   ,-   ,-   ,-   ,-   ,-   ,-   ,-   ,-   ,-   ,-   ,
 Martedì,10/05/2016,-   ,-   ,-   ,-   ,-   ,-   ,-   ,-   ,-   ,-   ,-   ,-   ,-   ,-   ,-   ,-   ,-   ,-   ,-   ,-   ,-   ,-   ,-   ,-   ,
 Mercoledì,11/05/2016,-   ,-   ,-   ,-   ,-   ,-   ,-   ,-   ,-   ,-   ,-   ,-   ,-   ,-   ,-   ,-   ,-   ,-   ,-   ,-   ,-   ,-   ,-   ,-   ,
 Giovedì,12/05/2016,-   ,-   ,-   ,-   ,-   ,-   ,-   ,-   ,-   ,-   ,-   ,-   ,-   ,-   ,-   ,-   ,-   ,-   ,-   ,-   ,-   ,-   ,-   ,-   ,
 Venerdì,13/05/2016,-   ,-   ,-   ,-   ,-   ,-   ,-   ,-   ,-   ,-   ,-   ,-   ,-   ,-   ,-   ,-   ,-   ,-   ,-   ,-   ,-   ,-   ,-   ,-   ,
 Sabato,14/05/2016,-   ,-   ,-   ,-   ,-   ,-   ,-   ,-   ,-   ,-   ,-   ,-   ,-   ,-   ,-   ,-   ,-   ,-   ,-   ,-   ,-   ,-   ,-   ,-   ,
 Domenica,15/05/2016,-   ,-   ,-   ,-   ,-   ,-   ,-   ,-   ,-   ,-   ,-   ,-   ,-   ,-   ,-   ,-   ,-   ,-   ,-   ,-   ,-   ,-   ,-   ,-   ,
 Lunedì,16/05/2016,-   ,-   ,-   ,-   ,-   ,-   ,-   ,-   ,-   ,-   ,-   ,-   ,-   ,-   ,-   ,-   ,-   ,-   ,-   ,-   ,-   ,-   ,-   ,-   ,
 Martedì,17/05/2016,-   ,-   ,-   ,-   ,-   ,-   ,-   ,-   ,-   ,-   ,-   ,-   ,-   ,-   ,-   ,-   ,-   ,-   ,-   ,-   ,-   ,-   ,-   ,-   ,
 Mercoledì,18/05/2016,-   ,-   ,-   ,-   ,-   ,-   ,-   ,-   ,-   ,-   ,-   ,-   ,-   ,-   ,-   ,-   ,-   ,-   ,-   ,-   ,-   ,-   ,-   ,-   ,
 Giovedì,19/05/2016,-   ,-   ,-   ,-   ,-   ,-   ,-   ,-   ,-   ,-   ,-   ,-   ,-   ,-   ,-   ,-   ,-   ,-   ,-   ,-   ,-   ,-   ,-   ,-   ,
 Venerdì,20/05/2016,-   ,-   ,-   ,-   ,-   ,-   ,-   ,-   ,-   ,-   ,-   ,-   ,-   ,-   ,-   ,-   ,-   ,-   ,-   ,-   ,-   ,-   ,-   ,-   ,
 Sabato,21/05/2016,-   ,-   ,-   ,-   ,-   ,-   ,-   ,-   ,-   ,-   ,-   ,-   ,-   ,-   ,-   ,-   ,-   ,-   ,-   ,-   ,-   ,-   ,-   ,-   ,
 Domenica,22/05/2016,-   ,-   ,-   ,-   ,-   ,-   ,-   ,-   ,-   ,-   ,-   ,-   ,-   ,-   ,-   ,-   ,-   ,-   ,-   ,-   ,-   ,-   ,-   ,-   ,
 Lunedì,23/05/2016,-   ,-   ,-   ,-   ,-   ,-   ,-   ,-   ,-   ,-   ,-   ,-   ,-   ,-   ,-   ,-   ,-   ,-   ,-   ,-   ,-   ,-   ,-   ,-   ,
 Martedì,24/05/2016,-   ,-   ,-   ,-   ,-   ,-   ,-   ,-   ,-   ,-   ,-   ,-   ,-   ,-   ,-   ,-   ,-   ,-   ,-   ,-   ,-   ,-   ,-   ,-   ,
 Mercoledì,25/05/2016,-   ,-   ,-   ,-   ,-   ,-   ,-   ,-   ,-   ,-   ,-   ,-   ,-   ,-   ,-   ,-   ,-   ,-   ,-   ,-   ,-   ,-   ,-   ,-   ,
 Giovedì,26/05/2016,-   ,-   ,-   ,-   ,-   ,-   ,-   ,-   ,-   ,-   ,-   ,-   ,-   ,-   ,-   ,-   ,-   ,-   ,-   ,-   ,-   ,-   ,-   ,-   ,
 Venerdì,27/05/2016,-   ,-   ,-   ,-   ,-   ,-   ,-   ,-   ,-   ,-   ,-   ,-   ,-   ,-   ,-   ,-   ,-   ,-   ,-   ,-   ,-   ,-   ,-   ,-   ,
 Sabato,28/05/2016,-   ,-   ,-   ,-   ,-   ,-   ,-   ,-   ,-   ,-   ,-   ,-   ,-   ,-   ,-   ,-   ,-   ,-   ,-   ,-   ,-   ,-   ,-   ,-   ,
 Domenica,29/05/2016,-   ,-   ,-   ,-   ,-   ,-   ,-   ,-   ,-   ,-   ,-   ,-   ,-   ,-   ,-   ,-   ,-   ,-   ,-   ,-   ,-   ,-   ,-   ,-   ,
 Lunedì,30/05/2016,-   ,-   ,-   ,-   ,-   ,-   ,-   ,-   ,-   ,-   ,-   ,-   ,-   ,-   ,-   ,-   ,-   ,-   ,-   ,-   ,-   ,-   ,-   ,-   ,
 Martedì,31/05/2016,-   ,-   ,-   ,-   ,-   ,-   ,-   ,-   ,-   ,-   ,-   ,-   ,-   ,-   ,-   ,-   ,-   ,-   ,-   ,-   ,-   ,-   ,-   ,-   ,
 Mercoledì,01/06/2016,-   ,-   ,-   ,-   ,-   ,-   ,-   ,-   ,-   ,-   ,-   ,-   ,-   ,-   ,-   ,-   ,-   ,-   ,-   ,-   ,-   ,-   ,-   ,-   ,
 Giovedì,02/06/2016,-   ,-   ,-   ,-   ,-   ,-   ,-   ,-   ,-   ,-   ,-   ,-   ,-   ,-   ,-   ,-   ,-   ,-   ,-   ,-   ,-   ,-   ,-   ,-   ,
 Venerdì,03/06/2016,-   ,-   ,-   ,-   ,-   ,-   ,-   ,-   ,-   ,-   ,-   ,-   ,-   ,-   ,-   ,-   ,-   ,-   ,-   ,-   ,-   ,-   ,-   ,-   ,
 Sabato,04/06/2016,-   ,-   ,-   ,-   ,-   ,-   ,-   ,-   ,-   ,-   ,-   ,-   ,-   ,-   ,-   ,-   ,-   ,-   ,-   ,-   ,-   ,-   ,-   ,-   ,
 Domenica,05/06/2016,-   ,-   ,-   ,-   ,-   ,-   ,-   ,-   ,-   ,-   ,-   ,-   ,-   ,-   ,-   ,-   ,-   ,-   ,-   ,-   ,-   ,-   ,-   ,-   ,
 Lunedì,06/06/2016,-   ,-   ,-   ,-   ,-   ,-   ,-   ,-   ,-   ,-   ,-   ,-   ,-   ,-   ,-   ,-   ,-   ,-   ,-   ,-   ,-   ,-   ,-   ,-   ,
 Martedì,07/06/2016,-   ,-   ,-   ,-   ,-   ,-   ,-   ,-   ,-   ,-   ,-   ,-   ,-   ,-   ,-   ,-   ,-   ,-   ,-   ,-   ,-   ,-   ,-   ,-   ,
 Mercoledì,08/06/2016,-   ,-   ,-   ,-   ,-   ,-   ,-   ,-   ,-   ,-   ,-   ,-   ,-   ,-   ,-   ,-   ,-   ,-   ,-   ,-   ,-   ,-   ,-   ,-   ,
 Giovedì,09/06/2016,-   ,-   ,-   ,-   ,-   ,-   ,-   ,-   ,-   ,-   ,-   ,-   ,-   ,-   ,-   ,-   ,-   ,-   ,-   ,-   ,-   ,-   ,-   ,-   ,
 Venerdì,10/06/2016,-   ,-   ,-   ,-   ,-   ,-   ,-   ,-   ,-   ,-   ,-   ,-   ,-   ,-   ,-   ,-   ,-   ,-   ,-   ,-   ,-   ,-   ,-   ,-   ,
 Sabato,11/06/2016,-   ,-   ,-   ,-   ,-   ,-   ,-   ,-   ,-   ,-   ,-   ,-   ,-   ,-   ,-   ,-   ,-   ,-   ,-   ,-   ,-   ,-   ,-   ,-   ,
 Domenica,12/06/2016,-   ,-   ,-   ,-   ,-   ,-   ,-   ,-   ,-   ,-   ,-   ,-   ,-   ,-   ,-   ,-   ,-   ,-   ,-   ,-   ,-   ,-   ,-   ,-   ,
 Lunedì,13/06/2016,-   ,-   ,-   ,-   ,-   ,-   ,-   ,-   ,-   ,-   ,-   ,-   ,-   ,-   ,-   ,-   ,-   ,-   ,-   ,-   ,-   ,-   ,-   ,-   ,
 Martedì,14/06/2016,-   ,-   ,-   ,-   ,-   ,-   ,-   ,-   ,-   ,-   ,-   ,-   ,-   ,-   ,-   ,-   ,-   ,-   ,-   ,-   ,-   ,-   ,-   ,-   ,
 Mercoledì,15/06/2016,-   ,-   ,-   ,-   ,-   ,-   ,-   ,-   ,-   ,-   ,-   ,-   ,-   ,-   ,-   ,-   ,-   ,-   ,-   ,-   ,-   ,-   ,-   ,-   ,
 Giovedì,16/06/2016,-   ,-   ,-   ,-   ,-   ,-   ,-   ,-   ,-   ,-   ,-   ,-   ,-   ,-   ,-   ,-   ,-   ,-   ,-   ,-   ,-   ,-   ,-   ,-   ,
 Venerdì,17/06/2016,-   ,-   ,-   ,-   ,-   ,-   ,-   ,-   ,-   ,-   ,-   ,-   ,-   ,-   ,-   ,-   ,-   ,-   ,-   ,-   ,-   ,-   ,-   ,-   ,
 Sabato,18/06/2016,-   ,-   ,-   ,-   ,-   ,-   ,-   ,-   ,-   ,-   ,-   ,-   ,-   ,-   ,-   ,-   ,-   ,-   ,-   ,-   ,-   ,-   ,-   ,-   ,
 Domenica,19/06/2016,-   ,-   ,-   ,-   ,-   ,-   ,-   ,-   ,-   ,-   ,-   ,-   ,-   ,-   ,-   ,-   ,-   ,-   ,-   ,-   ,-   ,-   ,-   ,-   ,
 Lunedì,20/06/2016,-   ,-   ,-   ,-   ,-   ,-   ,-   ,-   ,-   ,-   ,-   ,-   ,-   ,-   ,-   ,-   ,-   ,-   ,-   ,-   ,-   ,-   ,-   ,-   ,
 Martedì,21/06/2016,-   ,-   ,-   ,-   ,-   ,-   ,-   ,-   ,-   ,-   ,-   ,-   ,-   ,-   ,-   ,-   ,-   ,-   ,-   ,-   ,-   ,-   ,-   ,-   ,
 Mercoledì,22/06/2016,-   ,-   ,-   ,-   ,-   ,-   ,-   ,-   ,-   ,-   ,-   ,-   ,-   ,-   ,-   ,-   ,-   ,-   ,-   ,-   ,-   ,-   ,-   ,-   ,
 Giovedì,23/06/2016,-   ,-   ,-   ,-   ,-   ,-   ,-   ,-   ,-   ,-   ,-   ,-   ,-   ,-   ,-   ,-   ,-   ,-   ,-   ,-   ,-   ,-   ,-   ,-   ,
 Venerdì,24/06/2016,-   ,-   ,-   ,-   ,-   ,-   ,-   ,-   ,-   ,-   ,-   ,-   ,-   ,-   ,-   ,-   ,-   ,-   ,-   ,-   ,-   ,-   ,-   ,-   ,
 Sabato,25/06/2016,-   ,-   ,-   ,-   ,-   ,-   ,-   ,-   ,-   ,-   ,-   ,-   ,-   ,-   ,-   ,-   ,-   ,-   ,-   ,-   ,-   ,-   ,-   ,-   ,
 Domenica,26/06/2016,-   ,-   ,-   ,-   ,-   ,-   ,-   ,-   ,-   ,-   ,-   ,-   ,-   ,-   ,-   ,-   ,-   ,-   ,-   ,-   ,-   ,-   ,-   ,-   ,
 Lunedì,27/06/2016,-   ,-   ,-   ,-   ,-   ,-   ,-   ,-   ,-   ,-   ,-   ,-   ,-   ,-   ,-   ,-   ,-   ,-   ,-   ,-   ,-   ,-   ,-   ,-   ,
 Martedì,28/06/2016,-   ,-   ,-   ,-   ,-   ,-   ,-   ,-   ,-   ,-   ,-   ,-   ,-   ,-   ,-   ,-   ,-   ,-   ,-   ,-   ,-   ,-   ,-   ,-   ,
 Mercoledì,29/06/2016,-   ,-   ,-   ,-   ,-   ,-   ,-   ,-   ,-   ,-   ,-   ,-   ,-   ,-   ,-   ,-   ,-   ,-   ,-   ,-   ,-   ,-   ,-   ,-   ,
 Giovedì,30/06/2016,-   ,-   ,-   ,-   ,-   ,-   ,-   ,-   ,-   ,-   ,-   ,-   ,-   ,-   ,-   ,-   ,-   ,-   ,-   ,-   ,-   ,-   ,-   ,-   ,
 Venerdì,01/07/2016,-   ,-   ,-   ,-   ,-   ,-   ,-   ,-   ,-   ,-   ,-   ,-   ,-   ,-   ,-   ,-   ,-   ,-   ,-   ,-   ,-   ,-   ,-   ,-   ,
 Sabato,02/07/2016,-   ,-   ,-   ,-   ,-   ,-   ,-   ,-   ,-   ,-   ,-   ,-   ,-   ,-   ,-   ,-   ,-   ,-   ,-   ,-   ,-   ,-   ,-   ,-   ,
 Domenica,03/07/2016,-   ,-   ,-   ,-   ,-   ,-   ,-   ,-   ,-   ,-   ,-   ,-   ,-   ,-   ,-   ,-   ,-   ,-   ,-   ,-   ,-   ,-   ,-   ,-   ,
 Lunedì,04/07/2016,-   ,-   ,-   ,-   ,-   ,-   ,-   ,-   ,-   ,-   ,-   ,-   ,-   ,-   ,-   ,-   ,-   ,-   ,-   ,-   ,-   ,-   ,-   ,-   ,
 Martedì,05/07/2016,-   ,-   ,-   ,-   ,-   ,-   ,-   ,-   ,-   ,-   ,-   ,-   ,-   ,-   ,-   ,-   ,-   ,-   ,-   ,-   ,-   ,-   ,-   ,-   ,
 Mercoledì,06/07/2016,-   ,-   ,-   ,-   ,-   ,-   ,-   ,-   ,-   ,-   ,-   ,-   ,-   ,-   ,-   ,-   ,-   ,-   ,-   ,-   ,-   ,-   ,-   ,-   ,
 Giovedì,07/07/2016,-   ,-   ,-   ,-   ,-   ,-   ,-   ,-   ,-   ,-   ,-   ,-   ,-   ,-   ,-   ,-   ,-   ,-   ,-   ,-   ,-   ,-   ,-   ,-   ,
 Venerdì,08/07/2016,-   ,-   ,-   ,-   ,-   ,-   ,-   ,-   ,-   ,-   ,-   ,-   ,-   ,-   ,-   ,-   ,-   ,-   ,-   ,-   ,-   ,-   ,-   ,-   ,
 Sabato,09/07/2016,-   ,-   ,-   ,-   ,-   ,-   ,-   ,-   ,-   ,-   ,-   ,-   ,-   ,-   ,-   ,-   ,-   ,-   ,-   ,-   ,-   ,-   ,-   ,-   ,
 Domenica,10/07/2016,-   ,-   ,-   ,-   ,-   ,-   ,-   ,-   ,-   ,-   ,-   ,-   ,-   ,-   ,-   ,-   ,-   ,-   ,-   ,-   ,-   ,-   ,-   ,-   ,
 Lunedì,11/07/2016,-   ,-   ,-   ,-   ,-   ,-   ,-   ,-   ,-   ,-   ,-   ,-   ,-   ,-   ,-   ,-   ,-   ,-   ,-   ,-   ,-   ,-   ,-   ,-   ,
 Martedì,12/07/2016,-   ,-   ,-   ,-   ,-   ,-   ,-   ,-   ,-   ,-   ,-   ,-   ,-   ,-   ,-   ,-   ,-   ,-   ,-   ,-   ,-   ,-   ,-   ,-   ,
 Mercoledì,13/07/2016,-   ,-   ,-   ,-   ,-   ,-   ,-   ,-   ,-   ,-   ,-   ,-   ,-   ,-   ,-   ,-   ,-   ,-   ,-   ,-   ,-   ,-   ,-   ,-   ,
 Giovedì,14/07/2016,-   ,-   ,-   ,-   ,-   ,-   ,-   ,-   ,-   ,-   ,-   ,-   ,-   ,-   ,-   ,-   ,-   ,-   ,-   ,-   ,-   ,-   ,-   ,-   ,
 Venerdì,15/07/2016,-   ,-   ,-   ,-   ,-   ,-   ,-   ,-   ,-   ,-   ,-   ,-   ,-   ,-   ,-   ,-   ,-   ,-   ,-   ,-   ,-   ,-   ,-   ,-   ,
 Sabato,16/07/2016,-   ,-   ,-   ,-   ,-   ,-   ,-   ,-   ,-   ,-   ,-   ,-   ,-   ,-   ,-   ,-   ,-   ,-   ,-   ,-   ,-   ,-   ,-   ,-   ,
 Domenica,17/07/2016,-   ,-   ,-   ,-   ,-   ,-   ,-   ,-   ,-   ,-   ,-   ,-   ,-   ,-   ,-   ,-   ,-   ,-   ,-   ,-   ,-   ,-   ,-   ,-   ,
 Lunedì,18/07/2016,-   ,-   ,-   ,-   ,-   ,-   ,-   ,-   ,-   ,-   ,-   ,-   ,-   ,-   ,-   ,-   ,-   ,-   ,-   ,-   ,-   ,-   ,-   ,-   ,
 Martedì,19/07/2016,-   ,-   ,-   ,-   ,-   ,-   ,-   ,-   ,-   ,-   ,-   ,-   ,-   ,-   ,-   ,-   ,-   ,-   ,-   ,-   ,-   ,-   ,-   ,-   ,
 Mercoledì,20/07/2016,-   ,-   ,-   ,-   ,-   ,-   ,-   ,-   ,-   ,-   ,-   ,-   ,-   ,-   ,-   ,-   ,-   ,-   ,-   ,-   ,-   ,-   ,-   ,-   ,
 Giovedì,21/07/2016,-   ,-   ,-   ,-   ,-   ,-   ,-   ,-   ,-   ,-   ,-   ,-   ,-   ,-   ,-   ,-   ,-   ,-   ,-   ,-   ,-   ,-   ,-   ,-   ,
 Venerdì,22/07/2016,-   ,-   ,-   ,-   ,-   ,-   ,-   ,-   ,-   ,-   ,-   ,-   ,-   ,-   ,-   ,-   ,-   ,-   ,-   ,-   ,-   ,-   ,-   ,-   ,
 Sabato,23/07/2016,-   ,-   ,-   ,-   ,-   ,-   ,-   ,-   ,-   ,-   ,-   ,-   ,-   ,-   ,-   ,-   ,-   ,-   ,-   ,-   ,-   ,-   ,-   ,-   ,
 Domenica,24/07/2016,-   ,-   ,-   ,-   ,-   ,-   ,-   ,-   ,-   ,-   ,-   ,-   ,-   ,-   ,-   ,-   ,-   ,-   ,-   ,-   ,-   ,-   ,-   ,-   ,
 Lunedì,25/07/2016,-   ,-   ,-   ,-   ,-   ,-   ,-   ,-   ,-   ,-   ,-   ,-   ,-   ,-   ,-   ,-   ,-   ,-   ,-   ,-   ,-   ,-   ,-   ,-   ,
 Martedì,26/07/2016,-   ,-   ,-   ,-   ,-   ,-   ,-   ,-   ,-   ,-   ,-   ,-   ,-   ,-   ,-   ,-   ,-   ,-   ,-   ,-   ,-   ,-   ,-   ,-   ,
 Mercoledì,27/07/2016,-   ,-   ,-   ,-   ,-   ,-   ,-   ,-   ,-   ,-   ,-   ,-   ,-   ,-   ,-   ,-   ,-   ,-   ,-   ,-   ,-   ,-   ,-   ,-   ,
 Giovedì,28/07/2016,-   ,-   ,-   ,-   ,-   ,-   ,-   ,-   ,-   ,-   ,-   ,-   ,-   ,-   ,-   ,-   ,-   ,-   ,-   ,-   ,-   ,-   ,-   ,-   ,
 Venerdì,29/07/2016,-   ,-   ,-   ,-   ,-   ,-   ,-   ,-   ,-   ,-   ,-   ,-   ,-   ,-   ,-   ,-   ,-   ,-   ,-   ,-   ,-   ,-   ,-   ,-   ,
 Sabato,30/07/2016,-   ,-   ,-   ,-   ,-   ,-   ,-   ,-   ,-   ,-   ,-   ,-   ,-   ,-   ,-   ,-   ,-   ,-   ,-   ,-   ,-   ,-   ,-   ,-   ,
 Domenica,31/07/2016,-   ,-   ,-   ,-   ,-   ,-   ,-   ,-   ,-   ,-   ,-   ,-   ,-   ,-   ,-   ,-   ,-   ,-   ,-   ,-   ,-   ,-   ,-   ,-   ,
 Lunedì,01/08/2016,-   ,-   ,-   ,-   ,-   ,-   ,-   ,-   ,-   ,-   ,-   ,-   ,-   ,-   ,-   ,-   ,-   ,-   ,-   ,-   ,-   ,-   ,-   ,-   ,
 Martedì,02/08/2016,-   ,-   ,-   ,-   ,-   ,-   ,-   ,-   ,-   ,-   ,-   ,-   ,-   ,-   ,-   ,-   ,-   ,-   ,-   ,-   ,-   ,-   ,-   ,-   ,
 Mercoledì,03/08/2016,-   ,-   ,-   ,-   ,-   ,-   ,-   ,-   ,-   ,-   ,-   ,-   ,-   ,-   ,-   ,-   ,-   ,-   ,-   ,-   ,-   ,-   ,-   ,-   ,
 Giovedì,04/08/2016,-   ,-   ,-   ,-   ,-   ,-   ,-   ,-   ,-   ,-   ,-   ,-   ,-   ,-   ,-   ,-   ,-   ,-   ,-   ,-   ,-   ,-   ,-   ,-   ,
 Venerdì,05/08/2016,-   ,-   ,-   ,-   ,-   ,-   ,-   ,-   ,-   ,-   ,-   ,-   ,-   ,-   ,-   ,-   ,-   ,-   ,-   ,-   ,-   ,-   ,-   ,-   ,
 Sabato,06/08/2016,-   ,-   ,-   ,-   ,-   ,-   ,-   ,-   ,-   ,-   ,-   ,-   ,-   ,-   ,-   ,-   ,-   ,-   ,-   ,-   ,-   ,-   ,-   ,-   ,
 Domenica,07/08/2016,-   ,-   ,-   ,-   ,-   ,-   ,-   ,-   ,-   ,-   ,-   ,-   ,-   ,-   ,-   ,-   ,-   ,-   ,-   ,-   ,-   ,-   ,-   ,-   ,
 Lunedì,08/08/2016,-   ,-   ,-   ,-   ,-   ,-   ,-   ,-   ,-   ,-   ,-   ,-   ,-   ,-   ,-   ,-   ,-   ,-   ,-   ,-   ,-   ,-   ,-   ,-   ,
 Martedì,09/08/2016,-   ,-   ,-   ,-   ,-   ,-   ,-   ,-   ,-   ,-   ,-   ,-   ,-   ,-   ,-   ,-   ,-   ,-   ,-   ,-   ,-   ,-   ,-   ,-   ,
 Mercoledì,10/08/2016,-   ,-   ,-   ,-   ,-   ,-   ,-   ,-   ,-   ,-   ,-   ,-   ,-   ,-   ,-   ,-   ,-   ,-   ,-   ,-   ,-   ,-   ,-   ,-   ,
 Giovedì,11/08/2016,-   ,-   ,-   ,-   ,-   ,-   ,-   ,-   ,-   ,-   ,-   ,-   ,-   ,-   ,-   ,-   ,-   ,-   ,-   ,-   ,-   ,-   ,-   ,-   ,
 Venerdì,12/08/2016,-   ,-   ,-   ,-   ,-   ,-   ,-   ,-   ,-   ,-   ,-   ,-   ,-   ,-   ,-   ,-   ,-   ,-   ,-   ,-   ,-   ,-   ,-   ,-   ,
 Sabato,13/08/2016,-   ,-   ,-   ,-   ,-   ,-   ,-   ,-   ,-   ,-   ,-   ,-   ,-   ,-   ,-   ,-   ,-   ,-   ,-   ,-   ,-   ,-   ,-   ,-   ,
 Domenica,14/08/2016,-   ,-   ,-   ,-   ,-   ,-   ,-   ,-   ,-   ,-   ,-   ,-   ,-   ,-   ,-   ,-   ,-   ,-   ,-   ,-   ,-   ,-   ,-   ,-   ,
 Lunedì,15/08/2016,-   ,-   ,-   ,-   ,-   ,-   ,-   ,-   ,-   ,-   ,-   ,-   ,-   ,-   ,-   ,-   ,-   ,-   ,-   ,-   ,-   ,-   ,-   ,-   ,
 Martedì,16/08/2016,-   ,-   ,-   ,-   ,-   ,-   ,-   ,-   ,-   ,-   ,-   ,-   ,-   ,-   ,-   ,-   ,-   ,-   ,-   ,-   ,-   ,-   ,-   ,-   ,
 Mercoledì,17/08/2016,-   ,-   ,-   ,-   ,-   ,-   ,-   ,-   ,-   ,-   ,-   ,-   ,-   ,-   ,-   ,-   ,-   ,-   ,-   ,-   ,-   ,-   ,-   ,-   ,
 Giovedì,18/08/2016,-   ,-   ,-   ,-   ,-   ,-   ,-   ,-   ,-   ,-   ,-   ,-   ,-   ,-   ,-   ,-   ,-   ,-   ,-   ,-   ,-   ,-   ,-   ,-   ,
 Venerdì,19/08/2016,-   ,-   ,-   ,-   ,-   ,-   ,-   ,-   ,-   ,-   ,-   ,-   ,-   ,-   ,-   ,-   ,-   ,-   ,-   ,-   ,-   ,-   ,-   ,-   ,
 Sabato,20/08/2016,-   ,-   ,-   ,-   ,-   ,-   ,-   ,-   ,-   ,-   ,-   ,-   ,-   ,-   ,-   ,-   ,-   ,-   ,-   ,-   ,-   ,-   ,-   ,-   ,
 Domenica,21/08/2016,-   ,-   ,-   ,-   ,-   ,-   ,-   ,-   ,-   ,-   ,-   ,-   ,-   ,-   ,-   ,-   ,-   ,-   ,-   ,-   ,-   ,-   ,-   ,-   ,
 Lunedì,22/08/2016,-   ,-   ,-   ,-   ,-   ,-   ,-   ,-   ,-   ,-   ,-   ,-   ,-   ,-   ,-   ,-   ,-   ,-   ,-   ,-   ,-   ,-   ,-   ,-   ,
 Martedì,23/08/2016,-   ,-   ,-   ,-   ,-   ,-   ,-   ,-   ,-   ,-   ,-   ,-   ,-   ,-   ,-   ,-   ,-   ,-   ,-   ,-   ,-   ,-   ,-   ,-   ,
 Mercoledì,24/08/2016,-   ,-   ,-   ,-   ,-   ,-   ,-   ,-   ,-   ,-   ,-   ,-   ,-   ,-   ,-   ,-   ,-   ,-   ,-   ,-   ,-   ,-   ,-   ,-   ,
 Giovedì,25/08/2016,-   ,-   ,-   ,-   ,-   ,-   ,-   ,-   ,-   ,-   ,-   ,-   ,-   ,-   ,-   ,-   ,-   ,-   ,-   ,-   ,-   ,-   ,-   ,-   ,
 Venerdì,26/08/2016,-   ,-   ,-   ,-   ,-   ,-   ,-   ,-   ,-   ,-   ,-   ,-   ,-   ,-   ,-   ,-   ,-   ,-   ,-   ,-   ,-   ,-   ,-   ,-   ,
 Sabato,27/08/2016,-   ,-   ,-   ,-   ,-   ,-   ,-   ,-   ,-   ,-   ,-   ,-   ,-   ,-   ,-   ,-   ,-   ,-   ,-   ,-   ,-   ,-   ,-   ,-   ,
 Domenica,28/08/2016,-   ,-   ,-   ,-   ,-   ,-   ,-   ,-   ,-   ,-   ,-   ,-   ,-   ,-   ,-   ,-   ,-   ,-   ,-   ,-   ,-   ,-   ,-   ,-   ,
 Lunedì,29/08/2016,-   ,-   ,-   ,-   ,-   ,-   ,-   ,-   ,-   ,-   ,-   ,-   ,-   ,-   ,-   ,-   ,-   ,-   ,-   ,-   ,-   ,-   ,-   ,-   ,
 Martedì,30/08/2016,-   ,-   ,-   ,-   ,-   ,-   ,-   ,-   ,-   ,-   ,-   ,-   ,-   ,-   ,-   ,-   ,-   ,-   ,-   ,-   ,-   ,-   ,-   ,-   ,
 Mercoledì,31/08/2016,-   ,-   ,-   ,-   ,-   ,-   ,-   ,-   ,-   ,-   ,-   ,-   ,-   ,-   ,-   ,-   ,-   ,-   ,-   ,-   ,-   ,-   ,-   ,-   ,
 Giovedì,01/09/2016,-   ,-   ,-   ,-   ,-   ,-   ,-   ,-   ,-   ,-   ,-   ,-   ,-   ,-   ,-   ,-   ,-   ,-   ,-   ,-   ,-   ,-   ,-   ,-   ,
 Venerdì,02/09/2016,-   ,-   ,-   ,-   ,-   ,-   ,-   ,-   ,-   ,-   ,-   ,-   ,-   ,-   ,-   ,-   ,-   ,-   ,-   ,-   ,-   ,-   ,-   ,-   ,
 Sabato,03/09/2016,-   ,-   ,-   ,-   ,-   ,-   ,-   ,-   ,-   ,-   ,-   ,-   ,-   ,-   ,-   ,-   ,-   ,-   ,-   ,-   ,-   ,-   ,-   ,-   ,
 Domenica,04/09/2016,-   ,-   ,-   ,-   ,-   ,-   ,-   ,-   ,-   ,-   ,-   ,-   ,-   ,-   ,-   ,-   ,-   ,-   ,-   ,-   ,-   ,-   ,-   ,-   ,
 Lunedì,05/09/2016,-   ,-   ,-   ,-   ,-   ,-   ,-   ,-   ,-   ,-   ,-   ,-   ,-   ,-   ,-   ,-   ,-   ,-   ,-   ,-   ,-   ,-   ,-   ,-   ,
 Martedì,06/09/2016,-   ,-   ,-   ,-   ,-   ,-   ,-   ,-   ,-   ,-   ,-   ,-   ,-   ,-   ,-   ,-   ,-   ,-   ,-   ,-   ,-   ,-   ,-   ,-   ,
 Mercoledì,07/09/2016,-   ,-   ,-   ,-   ,-   ,-   ,-   ,-   ,-   ,-   ,-   ,-   ,-   ,-   ,-   ,-   ,-   ,-   ,-   ,-   ,-   ,-   ,-   ,-   ,
 Giovedì,08/09/2016,-   ,-   ,-   ,-   ,-   ,-   ,-   ,-   ,-   ,-   ,-   ,-   ,-   ,-   ,-   ,-   ,-   ,-   ,-   ,-   ,-   ,-   ,-   ,-   ,
 Venerdì,09/09/2016,-   ,-   ,-   ,-   ,-   ,-   ,-   ,-   ,-   ,-   ,-   ,-   ,-   ,-   ,-   ,-   ,-   ,-   ,-   ,-   ,-   ,-   ,-   ,-   ,
 Sabato,10/09/2016,-   ,-   ,-   ,-   ,-   ,-   ,-   ,-   ,-   ,-   ,-   ,-   ,-   ,-   ,-   ,-   ,-   ,-   ,-   ,-   ,-   ,-   ,-   ,-   ,
 Domenica,11/09/2016,-   ,-   ,-   ,-   ,-   ,-   ,-   ,-   ,-   ,-   ,-   ,-   ,-   ,-   ,-   ,-   ,-   ,-   ,-   ,-   ,-   ,-   ,-   ,-   ,
 Lunedì,12/09/2016,-   ,-   ,-   ,-   ,-   ,-   ,-   ,-   ,-   ,-   ,-   ,-   ,-   ,-   ,-   ,-   ,-   ,-   ,-   ,-   ,-   ,-   ,-   ,-   ,
 Martedì,13/09/2016,-   ,-   ,-   ,-   ,-   ,-   ,-   ,-   ,-   ,-   ,-   ,-   ,-   ,-   ,-   ,-   ,-   ,-   ,-   ,-   ,-   ,-   ,-   ,-   ,
 Mercoledì,14/09/2016,-   ,-   ,-   ,-   ,-   ,-   ,-   ,-   ,-   ,-   ,-   ,-   ,-   ,-   ,-   ,-   ,-   ,-   ,-   ,-   ,-   ,-   ,-   ,-   ,
 Giovedì,15/09/2016,-   ,-   ,-   ,-   ,-   ,-   ,-   ,-   ,-   ,-   ,-   ,-   ,-   ,-   ,-   ,-   ,-   ,-   ,-   ,-   ,-   ,-   ,-   ,-   ,
 Venerdì,16/09/2016,-   ,-   ,-   ,-   ,-   ,-   ,-   ,-   ,-   ,-   ,-   ,-   ,-   ,-   ,-   ,-   ,-   ,-   ,-   ,-   ,-   ,-   ,-   ,-   ,
 Sabato,17/09/2016,-   ,-   ,-   ,-   ,-   ,-   ,-   ,-   ,-   ,-   ,-   ,-   ,-   ,-   ,-   ,-   ,-   ,-   ,-   ,-   ,-   ,-   ,-   ,-   ,
 Domenica,18/09/2016,-   ,-   ,-   ,-   ,-   ,-   ,-   ,-   ,-   ,-   ,-   ,-   ,-   ,-   ,-   ,-   ,-   ,-   ,-   ,-   ,-   ,-   ,-   ,-   ,
 Lunedì,19/09/2016,-   ,-   ,-   ,-   ,-   ,-   ,-   ,-   ,-   ,-   ,-   ,-   ,-   ,-   ,-   ,-   ,-   ,-   ,-   ,-   ,-   ,-   ,-   ,-   ,
 Martedì,20/09/2016,-   ,-   ,-   ,-   ,-   ,-   ,-   ,-   ,-   ,-   ,-   ,-   ,-   ,-   ,-   ,-   ,-   ,-   ,-   ,-   ,-   ,-   ,-   ,-   ,
 Mercoledì,21/09/2016,-   ,-   ,-   ,-   ,-   ,-   ,-   ,-   ,-   ,-   ,-   ,-   ,-   ,-   ,-   ,-   ,-   ,-   ,-   ,-   ,-   ,-   ,-   ,-   ,
 Giovedì,22/09/2016,-   ,-   ,-   ,-   ,-   ,-   ,-   ,-   ,-   ,-   ,-   ,-   ,-   ,-   ,-   ,-   ,-   ,-   ,-   ,-   ,-   ,-   ,-   ,-   ,
 Venerdì,23/09/2016,-   ,-   ,-   ,-   ,-   ,-   ,-   ,-   ,-   ,-   ,-   ,-   ,-   ,-   ,-   ,-   ,-   ,-   ,-   ,-   ,-   ,-   ,-   ,-   ,
 Sabato,24/09/2016,-   ,-   ,-   ,-   ,-   ,-   ,-   ,-   ,-   ,-   ,-   ,-   ,-   ,-   ,-   ,-   ,-   ,-   ,-   ,-   ,-   ,-   ,-   ,-   ,
 Domenica,25/09/2016,-   ,-   ,-   ,-   ,-   ,-   ,-   ,-   ,-   ,-   ,-   ,-   ,-   ,-   ,-   ,-   ,-   ,-   ,-   ,-   ,-   ,-   ,-   ,-   ,
 Lunedì,26/09/2016,-   ,-   ,-   ,-   ,-   ,-   ,-   ,-   ,-   ,-   ,-   ,-   ,-   ,-   ,-   ,-   ,-   ,-   ,-   ,-   ,-   ,-   ,-   ,-   ,
 Martedì,27/09/2016,-   ,-   ,-   ,-   ,-   ,-   ,-   ,-   ,-   ,-   ,-   ,-   ,-   ,-   ,-   ,-   ,-   ,-   ,-   ,-   ,-   ,-   ,-   ,-   ,
 Mercoledì,28/09/2016,-   ,-   ,-   ,-   ,-   ,-   ,-   ,-   ,-   ,-   ,-   ,-   ,-   ,-   ,-   ,-   ,-   ,-   ,-   ,-   ,-   ,-   ,-   ,-   ,
 Giovedì,29/09/2016,-   ,-   ,-   ,-   ,-   ,-   ,-   ,-   ,-   ,-   ,-   ,-   ,-   ,-   ,-   ,-   ,-   ,-   ,-   ,-   ,-   ,-   ,-   ,-   ,
 Venerdì,30/09/2016,-   ,-   ,-   ,-   ,-   ,-   ,-   ,-   ,-   ,-   ,-   ,-   ,-   ,-   ,-   ,-   ,-   ,-   ,-   ,-   ,-   ,-   ,-   ,-   ,
 Sabato,01/10/2016,-   ,-   ,-   ,-   ,-   ,-   ,-   ,-   ,-   ,-   ,-   ,-   ,-   ,-   ,-   ,-   ,-   ,-   ,-   ,-   ,-   ,-   ,-   ,-   ,
 Domenica,02/10/2016,-   ,-   ,-   ,-   ,-   ,-   ,-   ,-   ,-   ,-   ,-   ,-   ,-   ,-   ,-   ,-   ,-   ,-   ,-   ,-   ,-   ,-   ,-   ,-   ,
 Lunedì,03/10/2016,-   ,-   ,-   ,-   ,-   ,-   ,-   ,-   ,-   ,-   ,-   ,-   ,-   ,-   ,-   ,-   ,-   ,-   ,-   ,-   ,-   ,-   ,-   ,-   ,
 Martedì,04/10/2016,-   ,-   ,-   ,-   ,-   ,-   ,-   ,-   ,-   ,-   ,-   ,-   ,-   ,-   ,-   ,-   ,-   ,-   ,-   ,-   ,-   ,-   ,-   ,-   ,
 Mercoledì,05/10/2016,-   ,-   ,-   ,-   ,-   ,-   ,-   ,-   ,-   ,-   ,-   ,-   ,-   ,-   ,-   ,-   ,-   ,-   ,-   ,-   ,-   ,-   ,-   ,-   ,
 Giovedì,06/10/2016,-   ,-   ,-   ,-   ,-   ,-   ,-   ,-   ,-   ,-   ,-   ,-   ,-   ,-   ,-   ,-   ,-   ,-   ,-   ,-   ,-   ,-   ,-   ,-   ,
 Venerdì,07/10/2016,-   ,-   ,-   ,-   ,-   ,-   ,-   ,-   ,-   ,-   ,-   ,-   ,-   ,-   ,-   ,-   ,-   ,-   ,-   ,-   ,-   ,-   ,-   ,-   ,
 Sabato,08/10/2016,-   ,-   ,-   ,-   ,-   ,-   ,-   ,-   ,-   ,-   ,-   ,-   ,-   ,-   ,-   ,-   ,-   ,-   ,-   ,-   ,-   ,-   ,-   ,-   ,
 Domenica,09/10/2016,-   ,-   ,-   ,-   ,-   ,-   ,-   ,-   ,-   ,-   ,-   ,-   ,-   ,-   ,-   ,-   ,-   ,-   ,-   ,-   ,-   ,-   ,-   ,-   ,
 Lunedì,10/10/2016,-   ,-   ,-   ,-   ,-   ,-   ,-   ,-   ,-   ,-   ,-   ,-   ,-   ,-   ,-   ,-   ,-   ,-   ,-   ,-   ,-   ,-   ,-   ,-   ,
 Martedì,11/10/2016,-   ,-   ,-   ,-   ,-   ,-   ,-   ,-   ,-   ,-   ,-   ,-   ,-   ,-   ,-   ,-   ,-   ,-   ,-   ,-   ,-   ,-   ,-   ,-   ,
 Mercoledì,12/10/2016,-   ,-   ,-   ,-   ,-   ,-   ,-   ,-   ,-   ,-   ,-   ,-   ,-   ,-   ,-   ,-   ,-   ,-   ,-   ,-   ,-   ,-   ,-   ,-   ,
 Giovedì,13/10/2016,-   ,-   ,-   ,-   ,-   ,-   ,-   ,-   ,-   ,-   ,-   ,-   ,-   ,-   ,-   ,-   ,-   ,-   ,-   ,-   ,-   ,-   ,-   ,-   ,
 Venerdì,14/10/2016,-   ,-   ,-   ,-   ,-   ,-   ,-   ,-   ,-   ,-   ,-   ,-   ,-   ,-   ,-   ,-   ,-   ,-   ,-   ,-   ,-   ,-   ,-   ,-   ,
 Sabato,15/10/2016,-   ,-   ,-   ,-   ,-   ,-   ,-   ,-   ,-   ,-   ,-   ,-   ,-   ,-   ,-   ,-   ,-   ,-   ,-   ,-   ,-   ,-   ,-   ,-   ,
 Domenica,16/10/2016,-   ,-   ,-   ,-   ,-   ,-   ,-   ,-   ,-   ,-   ,-   ,-   ,-   ,-   ,-   ,-   ,-   ,-   ,-   ,-   ,-   ,-   ,-   ,-   ,
 Lunedì,17/10/2016,-   ,-   ,-   ,-   ,-   ,-   ,-   ,-   ,-   ,-   ,-   ,-   ,-   ,-   ,-   ,-   ,-   ,-   ,-   ,-   ,-   ,-   ,-   ,-   ,
 Martedì,18/10/2016,-   ,-   ,-   ,-   ,-   ,-   ,-   ,-   ,-   ,-   ,-   ,-   ,-   ,-   ,-   ,-   ,-   ,-   ,-   ,-   ,-   ,-   ,-   ,-   ,
 Mercoledì,19/10/2016,-   ,-   ,-   ,-   ,-   ,-   ,-   ,-   ,-   ,-   ,-   ,-   ,-   ,-   ,-   ,-   ,-   ,-   ,-   ,-   ,-   ,-   ,-   ,-   ,
 Giovedì,20/10/2016,-   ,-   ,-   ,-   ,-   ,-   ,-   ,-   ,-   ,-   ,-   ,-   ,-   ,-   ,-   ,-   ,-   ,-   ,-   ,-   ,-   ,-   ,-   ,-   ,
 Venerdì,21/10/2016,-   ,-   ,-   ,-   ,-   ,-   ,-   ,-   ,-   ,-   ,-   ,-   ,-   ,-   ,-   ,-   ,-   ,-   ,-   ,-   ,-   ,-   ,-   ,-   ,
 Sabato,22/10/2016,-   ,-   ,-   ,-   ,-   ,-   ,-   ,-   ,-   ,-   ,-   ,-   ,-   ,-   ,-   ,-   ,-   ,-   ,-   ,-   ,-   ,-   ,-   ,-   ,
 Domenica,23/10/2016,-   ,-   ,-   ,-   ,-   ,-   ,-   ,-   ,-   ,-   ,-   ,-   ,-   ,-   ,-   ,-   ,-   ,-   ,-   ,-   ,-   ,-   ,-   ,-   ,
 Lunedì,24/10/2016,-   ,-   ,-   ,-   ,-   ,-   ,-   ,-   ,-   ,-   ,-   ,-   ,-   ,-   ,-   ,-   ,-   ,-   ,-   ,-   ,-   ,-   ,-   ,-   ,
 Martedì,25/10/2016,-   ,-   ,-   ,-   ,-   ,-   ,-   ,-   ,-   ,-   ,-   ,-   ,-   ,-   ,-   ,-   ,-   ,-   ,-   ,-   ,-   ,-   ,-   ,-   ,
 Mercoledì,26/10/2016,-   ,-   ,-   ,-   ,-   ,-   ,-   ,-   ,-   ,-   ,-   ,-   ,-   ,-   ,-   ,-   ,-   ,-   ,-   ,-   ,-   ,-   ,-   ,-   ,
 Giovedì,27/10/2016,-   ,-   ,-   ,-   ,-   ,-   ,-   ,-   ,-   ,-   ,-   ,-   ,-   ,-   ,-   ,-   ,-   ,-   ,-   ,-   ,-   ,-   ,-   ,-   ,
 Venerdì,28/10/2016,-   ,-   ,-   ,-   ,-   ,-   ,-   ,-   ,-   ,-   ,-   ,-   ,-   ,-   ,-   ,-   ,-   ,-   ,-   ,-   ,-   ,-   ,-   ,-   ,
 Sabato,29/10/2016,-   ,-   ,-   ,-   ,-   ,-   ,-   ,-   ,-   ,-   ,-   ,-   ,-   ,-   ,-   ,-   ,-   ,-   ,-   ,-   ,-   ,-   ,-   ,-   ,
 Domenica,30/10/2016,-   ,-   ,-   ,-   ,-   ,-   ,-   ,-   ,-   ,-   ,-   ,-   ,-   ,-   ,-   ,-   ,-   ,-   ,-   ,-   ,-   ,-   ,-   ,-   ,-    
 Lunedì,31/10/2016,-   ,-   ,-   ,-   ,-   ,-   ,-   ,-   ,-   ,-   ,-   ,-   ,-   ,-   ,-   ,-   ,-   ,-   ,-   ,-   ,-   ,-   ,-   ,-   ,
 Martedì,01/11/2016,-   ,-   ,-   ,-   ,-   ,-   ,-   ,-   ,-   ,-   ,-   ,-   ,-   ,-   ,-   ,-   ,-   ,-   ,-   ,-   ,-   ,-   ,-   ,-   ,
 Mercoledì,02/11/2016,-   ,-   ,-   ,-   ,-   ,-   ,-   ,-   ,-   ,-   ,-   ,-   ,-   ,-   ,-   ,-   ,-   ,-   ,-   ,-   ,-   ,-   ,-   ,-   ,
 Giovedì,03/11/2016,-   ,-   ,-   ,-   ,-   ,-   ,-   ,-   ,-   ,-   ,-   ,-   ,-   ,-   ,-   ,-   ,-   ,-   ,-   ,-   ,-   ,-   ,-   ,-   ,
 Venerdì,04/11/2016,-   ,-   ,-   ,-   ,-   ,-   ,-   ,-   ,-   ,-   ,-   ,-   ,-   ,-   ,-   ,-   ,-   ,-   ,-   ,-   ,-   ,-   ,-   ,-   ,
 Sabato,05/11/2016,-   ,-   ,-   ,-   ,-   ,-   ,-   ,-   ,-   ,-   ,-   ,-   ,-   ,-   ,-   ,-   ,-   ,-   ,-   ,-   ,-   ,-   ,-   ,-   ,
 Domenica,06/11/2016,-   ,-   ,-   ,-   ,-   ,-   ,-   ,-   ,-   ,-   ,-   ,-   ,-   ,-   ,-   ,-   ,-   ,-   ,-   ,-   ,-   ,-   ,-   ,-   ,
 Lunedì,07/11/2016,-   ,-   ,-   ,-   ,-   ,-   ,-   ,-   ,-   ,-   ,-   ,-   ,-   ,-   ,-   ,-   ,-   ,-   ,-   ,-   ,-   ,-   ,-   ,-   ,
 Martedì,08/11/2016,-   ,-   ,-   ,-   ,-   ,-   ,-   ,-   ,-   ,-   ,-   ,-   ,-   ,-   ,-   ,-   ,-   ,-   ,-   ,-   ,-   ,-   ,-   ,-   ,
 Mercoledì,09/11/2016,-   ,-   ,-   ,-   ,-   ,-   ,-   ,-   ,-   ,-   ,-   ,-   ,-   ,-   ,-   ,-   ,-   ,-   ,-   ,-   ,-   ,-   ,-   ,-   ,
 Giovedì,10/11/2016,-   ,-   ,-   ,-   ,-   ,-   ,-   ,-   ,-   ,-   ,-   ,-   ,-   ,-   ,-   ,-   ,-   ,-   ,-   ,-   ,-   ,-   ,-   ,-   ,
 Venerdì,11/11/2016,-   ,-   ,-   ,-   ,-   ,-   ,-   ,-   ,-   ,-   ,-   ,-   ,-   ,-   ,-   ,-   ,-   ,-   ,-   ,-   ,-   ,-   ,-   ,-   ,
 Sabato,12/11/2016,-   ,-   ,-   ,-   ,-   ,-   ,-   ,-   ,-   ,-   ,-   ,-   ,-   ,-   ,-   ,-   ,-   ,-   ,-   ,-   ,-   ,-   ,-   ,-   ,
 Domenica,13/11/2016,-   ,-   ,-   ,-   ,-   ,-   ,-   ,-   ,-   ,-   ,-   ,-   ,-   ,-   ,-   ,-   ,-   ,-   ,-   ,-   ,-   ,-   ,-   ,-   ,
 Lunedì,14/11/2016,-   ,-   ,-   ,-   ,-   ,-   ,-   ,-   ,-   ,-   ,-   ,-   ,-   ,-   ,-   ,-   ,-   ,-   ,-   ,-   ,-   ,-   ,-   ,-   ,
 Martedì,15/11/2016,-   ,-   ,-   ,-   ,-   ,-   ,-   ,-   ,-   ,-   ,-   ,-   ,-   ,-   ,-   ,-   ,-   ,-   ,-   ,-   ,-   ,-   ,-   ,-   ,
 Mercoledì,16/11/2016,-   ,-   ,-   ,-   ,-   ,-   ,-   ,-   ,-   ,-   ,-   ,-   ,-   ,-   ,-   ,-   ,-   ,-   ,-   ,-   ,-   ,-   ,-   ,-   ,
 Giovedì,17/11/2016,-   ,-   ,-   ,-   ,-   ,-   ,-   ,-   ,-   ,-   ,-   ,-   ,-   ,-   ,-   ,-   ,-   ,-   ,-   ,-   ,-   ,-   ,-   ,-   ,
 Venerdì,18/11/2016,-   ,-   ,-   ,-   ,-   ,-   ,-   ,-   ,-   ,-   ,-   ,-   ,-   ,-   ,-   ,-   ,-   ,-   ,-   ,-   ,-   ,-   ,-   ,-   ,
 Sabato,19/11/2016,-   ,-   ,-   ,-   ,-   ,-   ,-   ,-   ,-   ,-   ,-   ,-   ,-   ,-   ,-   ,-   ,-   ,-   ,-   ,-   ,-   ,-   ,-   ,-   ,
 Domenica,20/11/2016,-   ,-   ,-   ,-   ,-   ,-   ,-   ,-   ,-   ,-   ,-   ,-   ,-   ,-   ,-   ,-   ,-   ,-   ,-   ,-   ,-   ,-   ,-   ,-   ,
 Lunedì,21/11/2016,-   ,-   ,-   ,-   ,-   ,-   ,-   ,-   ,-   ,-   ,-   ,-   ,-   ,-   ,-   ,-   ,-   ,-   ,-   ,-   ,-   ,-   ,-   ,-   ,
 Martedì,22/11/2016,-   ,-   ,-   ,-   ,-   ,-   ,-   ,-   ,-   ,-   ,-   ,-   ,-   ,-   ,-   ,-   ,-   ,-   ,-   ,-   ,-   ,-   ,-   ,-   ,
 Mercoledì,23/11/2016,-   ,-   ,-   ,-   ,-   ,-   ,-   ,-   ,-   ,-   ,-   ,-   ,-   ,-   ,-   ,-   ,-   ,-   ,-   ,-   ,-   ,-   ,-   ,-   ,
 Giovedì,24/11/2016,-   ,-   ,-   ,-   ,-   ,-   ,-   ,-   ,-   ,-   ,-   ,-   ,-   ,-   ,-   ,-   ,-   ,-   ,-   ,-   ,-   ,-   ,-   ,-   ,
 Venerdì,25/11/2016,-   ,-   ,-   ,-   ,-   ,-   ,-   ,-   ,-   ,-   ,-   ,-   ,-   ,-   ,-   ,-   ,-   ,-   ,-   ,-   ,-   ,-   ,-   ,-   ,
 Sabato,26/11/2016,-   ,-   ,-   ,-   ,-   ,-   ,-   ,-   ,-   ,-   ,-   ,-   ,-   ,-   ,-   ,-   ,-   ,-   ,-   ,-   ,-   ,-   ,-   ,-   ,
 Domenica,27/11/2016,-   ,-   ,-   ,-   ,-   ,-   ,-   ,-   ,-   ,-   ,-   ,-   ,-   ,-   ,-   ,-   ,-   ,-   ,-   ,-   ,-   ,-   ,-   ,-   ,
 Lunedì,28/11/2016,-   ,-   ,-   ,-   ,-   ,-   ,-   ,-   ,-   ,-   ,-   ,-   ,-   ,-   ,-   ,-   ,-   ,-   ,-   ,-   ,-   ,-   ,-   ,-   ,
 Martedì,29/11/2016,-   ,-   ,-   ,-   ,-   ,-   ,-   ,-   ,-   ,-   ,-   ,-   ,-   ,-   ,-   ,-   ,-   ,-   ,-   ,-   ,-   ,-   ,-   ,-   ,
 Mercoledì,30/11/2016,-   ,-   ,-   ,-   ,-   ,-   ,-   ,-   ,-   ,-   ,-   ,-   ,-   ,-   ,-   ,-   ,-   ,-   ,-   ,-   ,-   ,-   ,-   ,-   ,
 Giovedì,01/12/2016,-   ,-   ,-   ,-   ,-   ,-   ,-   ,-   ,-   ,-   ,-   ,-   ,-   ,-   ,-   ,-   ,-   ,-   ,-   ,-   ,-   ,-   ,-   ,-   ,
 Venerdì,02/12/2016,-   ,-   ,-   ,-   ,-   ,-   ,-   ,-   ,-   ,-   ,-   ,-   ,-   ,-   ,-   ,-   ,-   ,-   ,-   ,-   ,-   ,-   ,-   ,-   ,
 Sabato,03/12/2016,-   ,-   ,-   ,-   ,-   ,-   ,-   ,-   ,-   ,-   ,-   ,-   ,-   ,-   ,-   ,-   ,-   ,-   ,-   ,-   ,-   ,-   ,-   ,-   ,
 Domenica,04/12/2016,-   ,-   ,-   ,-   ,-   ,-   ,-   ,-   ,-   ,-   ,-   ,-   ,-   ,-   ,-   ,-   ,-   ,-   ,-   ,-   ,-   ,-   ,-   ,-   ,
 Lunedì,05/12/2016,-   ,-   ,-   ,-   ,-   ,-   ,-   ,-   ,-   ,-   ,-   ,-   ,-   ,-   ,-   ,-   ,-   ,-   ,-   ,-   ,-   ,-   ,-   ,-   ,
 Martedì,06/12/2016,-   ,-   ,-   ,-   ,-   ,-   ,-   ,-   ,-   ,-   ,-   ,-   ,-   ,-   ,-   ,-   ,-   ,-   ,-   ,-   ,-   ,-   ,-   ,-   ,
 Mercoledì,07/12/2016,-   ,-   ,-   ,-   ,-   ,-   ,-   ,-   ,-   ,-   ,-   ,-   ,-   ,-   ,-   ,-   ,-   ,-   ,-   ,-   ,-   ,-   ,-   ,-   ,
 Giovedì,08/12/2016,-   ,-   ,-   ,-   ,-   ,-   ,-   ,-   ,-   ,-   ,-   ,-   ,-   ,-   ,-   ,-   ,-   ,-   ,-   ,-   ,-   ,-   ,-   ,-   ,
 Venerdì,09/12/2016,-   ,-   ,-   ,-   ,-   ,-   ,-   ,-   ,-   ,-   ,-   ,-   ,-   ,-   ,-   ,-   ,-   ,-   ,-   ,-   ,-   ,-   ,-   ,-   ,
 Sabato,10/12/2016,-   ,-   ,-   ,-   ,-   ,-   ,-   ,-   ,-   ,-   ,-   ,-   ,-   ,-   ,-   ,-   ,-   ,-   ,-   ,-   ,-   ,-   ,-   ,-   ,
 Domenica,11/12/2016,-   ,-   ,-   ,-   ,-   ,-   ,-   ,-   ,-   ,-   ,-   ,-   ,-   ,-   ,-   ,-   ,-   ,-   ,-   ,-   ,-   ,-   ,-   ,-   ,
 Lunedì,12/12/2016,-   ,-   ,-   ,-   ,-   ,-   ,-   ,-   ,-   ,-   ,-   ,-   ,-   ,-   ,-   ,-   ,-   ,-   ,-   ,-   ,-   ,-   ,-   ,-   ,
 Martedì,13/12/2016,-   ,-   ,-   ,-   ,-   ,-   ,-   ,-   ,-   ,-   ,-   ,-   ,-   ,-   ,-   ,-   ,-   ,-   ,-   ,-   ,-   ,-   ,-   ,-   ,
 Mercoledì,14/12/2016,-   ,-   ,-   ,-   ,-   ,-   ,-   ,-   ,-   ,-   ,-   ,-   ,-   ,-   ,-   ,-   ,-   ,-   ,-   ,-   ,-   ,-   ,-   ,-   ,
 Giovedì,15/12/2016,-   ,-   ,-   ,-   ,-   ,-   ,-   ,-   ,-   ,-   ,-   ,-   ,-   ,-   ,-   ,-   ,-   ,-   ,-   ,-   ,-   ,-   ,-   ,-   ,
 Venerdì,16/12/2016,-   ,-   ,-   ,-   ,-   ,-   ,-   ,-   ,-   ,-   ,-   ,-   ,-   ,-   ,-   ,-   ,-   ,-   ,-   ,-   ,-   ,-   ,-   ,-   ,
 Sabato,17/12/2016,-   ,-   ,-   ,-   ,-   ,-   ,-   ,-   ,-   ,-   ,-   ,-   ,-   ,-   ,-   ,-   ,-   ,-   ,-   ,-   ,-   ,-   ,-   ,-   ,
 Domenica,18/12/2016,-   ,-   ,-   ,-   ,-   ,-   ,-   ,-   ,-   ,-   ,-   ,-   ,-   ,-   ,-   ,-   ,-   ,-   ,-   ,-   ,-   ,-   ,-   ,-   ,
 Lunedì,19/12/2016,-   ,-   ,-   ,-   ,-   ,-   ,-   ,-   ,-   ,-   ,-   ,-   ,-   ,-   ,-   ,-   ,-   ,-   ,-   ,-   ,-   ,-   ,-   ,-   ,
 Martedì,20/12/2016,-   ,-   ,-   ,-   ,-   ,-   ,-   ,-   ,-   ,-   ,-   ,-   ,-   ,-   ,-   ,-   ,-   ,-   ,-   ,-   ,-   ,-   ,-   ,-   ,
 Mercoledì,21/12/2016,-   ,-   ,-   ,-   ,-   ,-   ,-   ,-   ,-   ,-   ,-   ,-   ,-   ,-   ,-   ,-   ,-   ,-   ,-   ,-   ,-   ,-   ,-   ,-   ,
 Giovedì,22/12/2016,-   ,-   ,-   ,-   ,-   ,-   ,-   ,-   ,-   ,-   ,-   ,-   ,-   ,-   ,-   ,-   ,-   ,-   ,-   ,-   ,-   ,-   ,-   ,-   ,
 Venerdì,23/12/2016,-   ,-   ,-   ,-   ,-   ,-   ,-   ,-   ,-   ,-   ,-   ,-   ,-   ,-   ,-   ,-   ,-   ,-   ,-   ,-   ,-   ,-   ,-   ,-   ,
 Sabato,24/12/2016,-   ,-   ,-   ,-   ,-   ,-   ,-   ,-   ,-   ,-   ,-   ,-   ,-   ,-   ,-   ,-   ,-   ,-   ,-   ,-   ,-   ,-   ,-   ,-   ,
 Domenica,25/12/2016,-   ,-   ,-   ,-   ,-   ,-   ,-   ,-   ,-   ,-   ,-   ,-   ,-   ,-   ,-   ,-   ,-   ,-   ,-   ,-   ,-   ,-   ,-   ,-   ,
 Lunedì,26/12/2016,-   ,-   ,-   ,-   ,-   ,-   ,-   ,-   ,-   ,-   ,-   ,-   ,-   ,-   ,-   ,-   ,-   ,-   ,-   ,-   ,-   ,-   ,-   ,-   ,
 Martedì,27/12/2016,-   ,-   ,-   ,-   ,-   ,-   ,-   ,-   ,-   ,-   ,-   ,-   ,-   ,-   ,-   ,-   ,-   ,-   ,-   ,-   ,-   ,-   ,-   ,-   ,
 Mercoledì,28/12/2016,-   ,-   ,-   ,-   ,-   ,-   ,-   ,-   ,-   ,-   ,-   ,-   ,-   ,-   ,-   ,-   ,-   ,-   ,-   ,-   ,-   ,-   ,-   ,-   ,
 Giovedì,29/12/2016,-   ,-   ,-   ,-   ,-   ,-   ,-   ,-   ,-   ,-   ,-   ,-   ,-   ,-   ,-   ,-   ,-   ,-   ,-   ,-   ,-   ,-   ,-   ,-   ,
 Venerdì,30/12/2016,-   ,-   ,-   ,-   ,-   ,-   ,-   ,-   ,-   ,-   ,-   ,-   ,-   ,-   ,-   ,-   ,-   ,-   ,-   ,-   ,-   ,-   ,-   ,-   ,
 Sabato,31/12/2016,-   ,-   ,-   ,-   ,-   ,-   ,-   ,-   ,-   ,-   ,-   ,-   ,-   ,-   ,-   ,-   ,-   ,-   ,-   ,-   ,-   ,-   ,-   ,-   ,
